{
  "vtn-service": 1.264746904373169, 
  "vMM": 0.9102389812469482, 
  "onos-service": 1.1051568984985352, 
  "hypercache": 1.1693718433380127, 
  "vsg": 1.25555419921875, 
  "xos-rest-gw": 1.0706799030303955, 
  "vHSS": 2.7053940296173096, 
  "fabric-oftest": 1.5685369968414307, 
  "venb": 1.0437078475952148, 
  "openstack": 1.3813369274139404, 
  "vSM": 1.1675500869750977, 
  "sdn-controller": 0.8968589305877686, 
  "olt-service": 1.2511470317840576, 
  "monitoring": 1.2104220390319824, 
  "xos": 5.115134000778198, 
  "epc-service": 1.0328140258789062, 
  "rcord": 1.2410719394683838, 
  "globalxos": 0.9360721111297607, 
  "progran": 1.1942100524902344, 
  "vtr": 1.1625080108642578, 
  "templateservice": 1.1767899990081787, 
  "vBBU": 1.2931721210479736, 
  "addressmanager": 1.2742509841918945, 
  "vnaas": 1.0581820011138916, 
  "opencloud": 0.9544909000396729, 
  "cord-tester": 2.1147890090942383, 
  "cord": 1.9956469535827637, 
  "vMME": 1.2988150119781494, 
  "xos-tosca": 2.902959108352661, 
  "platform-install": 1.6637189388275146, 
  "vspgwu": 0.9045560359954834, 
  "internetemulator": 1.1698050498962402, 
  "chameleon": 1.2557299137115479, 
  "maas": 1.2793970108032227, 
  "mcord": 1.0308408737182617, 
  "vspgwc": 1.189889907836914, 
  "hss_db": 1.0212650299072266, 
  "ecord": 1.4259040355682373, 
  "carrierethernet": 1.062373161315918, 
  "fabric": 1.0889480113983154, 
  "cord-onos-publisher": 1.1825191974639893, 
  "metronet-local": 1.1362450122833252, 
  "exampleservice": 0.922584056854248, 
  "vPGWC": 1.1552631855010986, 
  "xos-sample-gui-extension": 1.0972449779510498, 
  "vSGW": 0.9268190860748291, 
  "vEG": 1.124467134475708, 
  "vEE": 1.0018889904022217, 
  "vrouter": 1.269502878189087, 
  "xos-gui": 1.4600780010223389
}